model,parameters,t1_f1score,t1_auc_score,t1_time,t2_f1score,t2_auc_score,t2_time,t3_f1score,t3_auc_score,t3_time,t4_f1score,t4_auc_score,t4_time,t5_f1score,t5_auc_score,t5_time,t6_f1score,t6_auc_score,t6_time,t7_f1score,t7_auc_score,t7_time,t8_f1score,t8_auc_score,t8_time,t9_f1score,t9_auc_score,t9_time,t10_f1score,t10_auc_score,t10_time,avg_f1score,avg_auc_score,avg_time
DecisionTreeClassifier,{},0.97,0.9752107185327175,0.01,0.97,0.9654105594670872,0.01,0.97,0.975529101343611,0.01,0.97,0.9689626223926134,0.01,0.97,0.9667966943620817,0.01,0.97,0.9702944751082058,0.01,0.97,0.9671150771729753,0.01,0.97,0.9667747399660728,0.01,0.97,0.9719003379675176,0.01,0.97,0.9672800590827348,0.01,0.97,0.97,0.01
RandomForestClassifier,{},0.99,0.9996150240755904,0.03,0.98,0.99837124518148,0.02,0.99,0.9971492173036349,0.03,0.98,0.9964739448589547,0.02,0.99,0.998877773234283,0.03,0.99,0.9989242303814612,0.03,0.99,0.9988227206640103,0.02,0.99,0.9981617721467319,0.03,0.99,0.9955401004316031,0.02,0.99,0.9986243926970816,0.02,0.99,1.0,0.02
MLPClassifier,{},0.97,0.998470031373869,0.96,0.97,0.9986521087808056,0.9,0.97,0.9982501755111581,1.1,0.97,0.998623895967131,1.16,0.97,0.9983641305940688,1.06,0.97,0.9987320578368579,1.05,0.97,0.9983257760716907,0.88,0.97,0.9986849353872079,0.93,0.97,0.9986237767259034,0.89,0.97,0.9986843194160299,0.95,0.97,1.0,0.99
