model,parameters,t1_f1score,t1_auc_score,t1_time,t2_f1score,t2_auc_score,t2_time,t3_f1score,t3_auc_score,t3_time,t4_f1score,t4_auc_score,t4_time,t5_f1score,t5_auc_score,t5_time,t6_f1score,t6_auc_score,t6_time,t7_f1score,t7_auc_score,t7_time,t8_f1score,t8_auc_score,t8_time,t9_f1score,t9_auc_score,t9_time,t10_f1score,t10_auc_score,t10_time,avg_f1score,avg_auc_score,avg_time
DecisionTreeClassifier,{},0.65,0.6212121212121211,0.0,0.65,0.6212121212121211,0.0,0.7,0.6767676767676768,0.0,0.65,0.6212121212121211,0.0,0.6,0.5656565656565656,0.0,0.7,0.6767676767676768,0.0,0.65,0.6212121212121211,0.0,0.65,0.6212121212121211,0.0,0.7,0.6767676767676768,0.0,0.75,0.7323232323232324,0.0,0.67,0.64,0.0
RandomForestClassifier,{},0.55,0.7929292929292928,0.01,0.5,0.6363636363636364,0.01,0.5,0.803030303030303,0.02,0.5,0.8181818181818181,0.02,0.5,0.8181818181818181,0.02,0.5,0.6515151515151515,0.02,0.45,0.797979797979798,0.01,0.55,0.6313131313131313,0.02,0.55,0.6515151515151515,0.02,0.5,0.7828282828282827,0.02,0.51,0.74,0.02
MLPClassifier,{},0.9,0.8888888888888888,0.23,0.9,0.8888888888888888,0.2,0.8,0.8787878787878788,0.21,0.7,0.8383838383838383,0.21,0.8,0.8585858585858586,0.2,0.65,0.7373737373737373,0.22,0.9,0.8888888888888888,0.24,0.75,0.8484848484848484,0.25,0.8,0.8787878787878788,0.22,0.8,0.8686868686868687,0.25,0.8,0.86,0.22
MLPClassifier,"{'hidden_layer_sizes': '(1000,500,500)', 'max_iter': 2500}",0.85,0.8888888888888888,0.65,0.85,0.8888888888888887,0.55,0.85,0.9191919191919191,0.53,0.85,0.9090909090909091,0.57,0.85,0.8787878787878788,0.56,0.85,0.9191919191919191,0.66,0.85,0.8888888888888888,0.59,0.85,0.8888888888888888,0.58,0.85,0.898989898989899,0.62,0.85,0.9090909090909091,0.58,0.85,0.9,0.59
